hsawkins0,5dHZxwGSUo,Hakim,Sawkins,hsawkins0@example.com,8623242173,6604 Merchant Street,Newark,New Jersey,07188,United States
bcockhill1,RVyt42Jv,Benedicta,Cockhill,bcockhill1@miibeian.gov.cn,3166785795,5889 Mcguire Lane,Wichita,Kansas,67220,United States
acupitt2,Hgg3BHk28,Andreana,Cupitt,acupitt2@ca.gov,6788781724,904 Express Court,Atlanta,Georgia,30316,United States
sluchetti3,zenLnJWcf,Sibella,Luchetti,sluchetti3@washingtonpost.com,6018290454,70 Pearson Street,Jackson,Mississippi,39216,United States
cduckfield4,Hh0CKGVJgU3r,Charmine,Duckfield,cduckfield4@hud.gov,5173232854,146 Utah Park,Lansing,Michigan,48956,United States
gmunton5,4H4lHunw,Gina,Munton,gmunton5@ning.com,4323372151,8241 Surrey Avenue,Midland,Texas,79710,United States
iearpe6,XJSzqBuTjaRX,Igor,Earpe,iearpe6@amazonaws.com,5403513353,325 Nova Point,Roanoke,Virginia,24029,United States
achattey7,snZ0d6wT,Adolphe,Chattey,achattey7@wikispaces.com,5094568056,91 Sugar Alley,Spokane,Washington,99220,United States
cdamiata8,KWzGkOaOG,Clementius,Damiata,cdamiata8@xinhuanet.com,9893694746,4 Bashford Center,Saginaw,Michigan,48609,United States
slyles9,qNtyqI,Sabrina,Lyles,slyles9@dailymail.co.uk,8134694951,2 Eastlawn Road,Tampa,Florida,33680,United States
ameasora,ziZ3LTMt,Arabella,Measor,ameasora@nyu.edu,6468490261,46214 Kim Lane,New York City,New York,10099,United States
wtinanb,VqNlYnVV1,Wes,Tinan,wtinanb@mit.edu,7756911712,043 Pearson Terrace,Reno,Nevada,89519,United States
sgladmanc,X7rDwkyVs,Sully,Gladman,sgladmanc@shop-pro.jp,5105683112,10 Blaine Junction,Richmond,California,94807,United States
bthysd,JzJpVSfxkGY,Bertie,Thys,bthysd@sbwire.com,3049961409,987 David Parkway,Huntington,West Virginia,25770,United States
emcneelye,YVESBp,Earl,McNeely,emcneelye@livejournal.com,4151821126,5 Florence Pass,San Francisco,California,94116,United States
gstoutherf,dN1SvCETW,Galven,Stouther,gstoutherf@is.gd,9165126114,4 New Castle Center,Sacramento,California,95894,United States
jdowningg,5SJvEj,Jackquelin,Downing,jdowningg@biglobe.ne.jp,4154449820,4617 Lerdahl Point,San Francisco,California,94164,United States
fiacopoh,mALllrAmg,Flint,Iacopo,fiacopoh@about.me,5077858062,31643 Gerald Place,Rochester,Minnesota,55905,United States
csarjenti,Ndyh9cM8,Caron,Sarjent,csarjenti@army.mil,8978819,1279 Ryan Avenue,Pittsburgh,Pennsylvania,15266,United States
tstoitej,NfTPO7FjuVsg,Tommi,Stoite,tstoitej@lycos.com,7851601687,71 Valley Edge Lane,Topeka,Kansas,66622,United States
dmerrillk,PieKEcY,Dayle,Merrill,dmerrillk@cafepress.com,7731149922,862 Green Ridge Parkway,Chicago,Illinois,60619,United States
cdevillel,6Zjpi4gQ,Cherida,De-Ville,cdevillel@mozilla.org,9208816071,36249 Transport Lane,Green Bay,Wisconsin,54313,United States
giacabuccim,eimKwFwk50c,Gwennie,Iacabucci,giacabuccim@flavors.me,4089573393,60378 Corben Drive,San Jose,California,95123,United States
kfaughnann,DrGJYwa,Kaila,Faughnan,kfaughnann@economist.com,4086242902,5505 Clyde Gallagher Way,San Jose,California,95123,United States
jrahlofo,iieXweb9ie,Jenda,Rahlof,jrahlofo@tripod.com,8125843723,71 Hoffman Hill,Evansville,Indiana,47719,United States
mgerataschp,I9b0NJusFw,Myca,Geratasch,mgerataschp@skyrock.com,9192352785,550 Victoria Park,Durham,North Carolina,27705,United States
wlempertzq,Axi0qX,Wynn,Lempertz,wlempertzq@sphinn.com,9037555449,752 Stephen Way,Longview,Texas,75605,United States
koldingr,kfCv3bKEB,Kristofor,Olding,koldingr@quantcast.com,2067419419,150 Scott Junction,Seattle,Washington,98195,United States
tcarpmiles,Yk2DkrkLl,Thoma,Carpmile,tcarpmiles@merriam-webster.com,5102792139,1 Northfield Crossing,Berkeley,California,94705,United States
fhaldent,dUaxXzWI5,Francyne,Halden,fhaldent@last.fm,2518777727,8461 Valley Edge Circle,Mobile,Alabama,36616,United States
rmacliceu,JqrkPw,Rutter,MacLice,rmacliceu@oaic.gov.au,4439429607,42550 Westport Hill,Baltimore,Maryland,21211,United States
bovettv,6hO3kI,Brenden,Ovett,bovettv@ft.com,6158501356,4524 Hintze Terrace,Murfreesboro,Tennessee,37131,United States
jbranchflowerw,7YpUy2s2,Johna,Branchflower,jbranchflowerw@comcast.net,2035370772,83 Twin Pines Crossing,New Haven,Connecticut,06520,United States
sgergherx,FbigYH7VKy36,Sibbie,Gergher,sgergherx@mozilla.org,5026581478,1 Sutherland Trail,Louisville,Kentucky,40210,United States
rbabingtony,rMlpUE3ggjAr,Rafferty,Babington,rbabingtony@slate.com,7028023667,18920 Jenna Alley,North Las Vegas,Nevada,89036,United States
lcoweyz,6L78a6,Lori,Cowey,lcoweyz@arstechnica.com,7734798890,7954 Golf Trail,Chicago,Illinois,60630,United States
esibbit10,Dc9ITXm4yY11,Easter,Sibbit,esibbit10@amazon.co.jp,7637446210,9123 Banding Place,Monticello,Minnesota,55590,United States
fhickin11,cANzg8,Farica,Hickin,fhickin11@marketwatch.com,2564312194,609 Barby Road,Gadsden,Alabama,35905,United States
mmuccino12,rfZjij0GnuA3,Maurita,Muccino,mmuccino12@slashdot.org,9138988241,07 Clove Trail,Shawnee Mission,Kansas,66205,United States
hsquibe13,uO22O3,Hube,Squibe,hsquibe13@seesaa.net,3043038025,09251 Norway Maple Circle,Charleston,West Virginia,25389,United States
elapwood14,CMnBOcUUG,Ephrem,Lapwood,elapwood14@google.ca,3041873087,16348 Crest Line Way,Charleston,West Virginia,25326,United States
cwestwell15,lYplWqAlOh,Catherin,Westwell,cwestwell15@fema.gov,2811149445,26 Pleasure Street,Houston,Texas,77010,United States
nfindon16,NxdlwNbqw,Natalina,Findon,nfindon16@gravatar.com,7185958398,16 Green Alley,Staten Island,New York,10305,United States
ggipp17,CZ01jc3Jw4v9,Glad,Gipp,ggipp17@nytimes.com,9071591976,224 Clarendon Circle,Anchorage,Alaska,99599,United States
zpund18,CpwOtOOpE,Zackariah,Pund,zpund18@archive.org,7547450757,8593 Vernon Junction,Fort Lauderdale,Florida,33336,United States
lchesman19,QxgCeg,Lowe,Chesman,lchesman19@wisc.edu,9042498634,9545 Reindahl Pass,Jacksonville,Florida,32255,United States
kgrog1a,4jsLBMlV,Kacey,Grog,kgrog1a@flavors.me,9517934407,41 Shasta Court,Riverside,California,92513,United States
tchant1b,a1NTDfRG3,Tricia,Chant,tchant1b@ucla.edu,3618131939,667 Namekagon Court,Corpus Christi,Texas,78470,United States
nsalvage1c,4Rf7UCH,Nilson,Salvage,nsalvage1c@techcrunch.com,8054901198,3073 Westridge Hill,Santa Barbara,California,93150,United States
keagles1d,28RFYFiRtRP,Keary,Eagles,keagles1d@bizjournals.com,5711278994,1 Randy Pass,Springfield,Virginia,22156,United States
bhedaux1e,n7p4i8KlGuG,Brook,Hedaux,bhedaux1e@jalbum.net,4145758940,2 Hermina Place,Milwaukee,Wisconsin,53215,United States
mwrigley1f,0jQSPdO,Malvin,Wrigley,mwrigley1f@tamu.edu,8068630911,22 Annamark Center,Amarillo,Texas,79116,United States
pmcpaike1g,ysrDcqYBoRWQ,Peadar,McPaike,pmcpaike1g@reverbnation.com,2038411488,3 Red Cloud Avenue,Waterbury,Connecticut,06726,United States
akendal1h,deGfLp,Anabel,Kendal,akendal1h@cpanel.net,7758301459,9 Brickson Park Parkway,Carson City,Nevada,89706,United States
ehowell1i,a0bowJ1,Esther,Howell,ehowell1i@shop-pro.jp,5017694752,0 South Road,Little Rock,Arkansas,72215,United States
tterrazzo1j,Y5b2jxyHXDBA,Torrin,Terrazzo,tterrazzo1j@networkadvertising.org,2171264727,65323 Katie Center,Decatur,Illinois,62525,United States
okippax1k,nqmUCXKsEx,Olly,Kippax,okippax1k@rakuten.co.jp,8324626462,4422 Buell Lane,Spring,Texas,77386,United States
idirocca1l,3B806B,Imogen,di Rocca,idirocca1l@state.tx.us,2124096985,22 Homewood Street,New York City,New York,10160,United States
bwhickman1m,OF2ndcXRspN,Brannon,Whickman,bwhickman1m@yale.edu,2029715028,390 Quincy Alley,Washington,District of Columbia,20599,United States
rbage1n,M2xxZ8dBHZrb,Rozanna,Bage,rbage1n@php.net,4086094863,8 Glacier Hill Center,San Jose,California,95173,United States
bknatt1o,KzeoFWzbGfR,Broddy,Knatt,bknatt1o@icq.com,4089154513,2 Dixon Hill,San Jose,California,95133,United States
cnoddle1p,Kzi2fpxdY5H,Corrianne,Noddle,cnoddle1p@constantcontact.com,4058754550,0 Claremont Road,Oklahoma City,Oklahoma,73109,United States
cfranklin1q,9kudBtIj,Crysta,Franklin,cfranklin1q@bravesites.com,8598440765,19 Fairview Alley,Lexington,Kentucky,40596,United States
rogormally1r,Qry3awAPHPA6,Randy,O'Gormally,rogormally1r@wikipedia.org,5102746560,168 Express Parkway,Oakland,California,94611,United States
pfison1s,BhwkZh,Perkin,Fison,pfison1s@webnode.com,7195366586,0057 American Ash Plaza,Colorado Springs,Colorado,80930,United States
dkeyhoe1t,yRncYr,Daron,Keyhoe,dkeyhoe1t@icq.com,8135360088,63589 Sommers Hill,Tampa,Florida,33686,United States
bbettleson1u,WWi6wGSd5b,Blondell,Bettleson,bbettleson1u@disqus.com,2027774433,36 Killdeer Circle,Washington,District of Columbia,20546,United States
dcoppock1v,ukSRhQG,Dilan,Coppock.,dcoppock1v@pbs.org,9158253232,857 Miller Point,El Paso,Texas,88569,United States
tsimunek1w,eFWUcWDwO,Thurstan,Simunek,tsimunek1w@csmonitor.com,7185760449,2 Village Green Hill,Bronx,New York,10464,United States
wsaura1x,ILDMrF0Bc,Warren,Saura,wsaura1x@cbslocal.com,3601988605,829 Schmedeman Point,Vancouver,Washington,98664,United States
aveness1y,mEJdAPPhi,Avrit,Veness,aveness1y@comsenz.com,3609552827,56 Melby Terrace,Seattle,Washington,98166,United States
ymorford1z,SyX7ZIYf976,Yvon,Morford,ymorford1z@tuttocitta.it,5595200878,23902 Rutledge Pass,Fresno,California,93709,United States
astarford20,b2mtPjHx,Abraham,Starford,astarford20@wordpress.org,3059121507,31451 Kinsman Center,Miami,Florida,33185,United States
mcroutear21,DP2uqvBuM,Marjorie,Croutear,mcroutear21@youtu.be,9097572600,0 Esch Plaza,San Bernardino,California,92410,United States
asambiedge22,hRo6y2,Alastair,Sambiedge,asambiedge22@pen.io,4084475906,4 Leroy Terrace,San Jose,California,95160,United States
ctaleworth23,qZd0XBRxH7,Coreen,Taleworth,ctaleworth23@pcworld.com,9169865091,551 Lakewood Court,Sacramento,California,95833,United States
oyockney24,EUhTVVqC8R,Obie,Yockney,oyockney24@fema.gov,3141049503,65140 Orin Road,Saint Louis,Missouri,63150,United States
rmahy25,P5LXkE,Robby,Mahy,rmahy25@domainmarket.com,3022621826,694 Tony Parkway,Wilmington,Delaware,19892,United States
kbalfre26,KPAoOUYrUPTx,Kimmie,Balfre,kbalfre26@cnn.com,7577792848,43294 Valley Edge Crossing,Herndon,Virginia,22070,United States
orentilll27,Xgc75C,Octavius,Rentilll,orentilll27@nytimes.com,2025505017,53 Jenna Drive,Washington,District of Columbia,20404,United States
gfearn28,fNdgT77,Gail,Fearn,gfearn28@wikia.com,2126368692,98 John Wall Pass,New York City,New York,10292,United States
mscott29,FhqH7eJsa,Marys,Scott,mscott29@cmu.edu,4022808506,72 Farragut Street,Omaha,Nebraska,68164,United States
ecauser2a,Ta5Y1GWI,Eadmund,Causer,ecauser2a@ycombinator.com,9548318148,0210 Tomscot Center,Miami,Florida,33142,United States
hgiovani2b,ukFT57d0rtX,Hatty,Giovani,hgiovani2b@jalbum.net,7732055819,45216 Chive Center,Chicago,Illinois,60652,United States
jchastenet2c,rdSuhf,Jane,Chastenet,jchastenet2c@wunderground.com,5085818734,071 Debs Terrace,New Bedford,Massachusetts,02745,United States
blefrank2d,QmvZxm2,Brynne,Le Frank,blefrank2d@dailymail.co.uk,5042358631,73 Sunnyside Parkway,New Orleans,Louisiana,70116,United States
amckibben2e,RESR6ui720GI,Adolpho,McKibben,amckibben2e@wix.com,3109781156,43 Hayes Avenue,Los Angeles,California,90020,United States
rcrisford2f,fAQYjs,Rowena,Crisford,rcrisford2f@zdnet.com,8596198807,32 Crowley Drive,Lexington,Kentucky,40515,United States
bbaiyle2g,OBpo4aN,Bev,Baiyle,bbaiyle2g@wix.com,7576575400,32177 Express Drive,Norfolk,Virginia,23520,United States
nstudd2h,V6uRIt,Norri,Studd,nstudd2h@blog.com,5636207412,08 Eggendart Road,Davenport,Iowa,52809,United States
bwear2i,IlAp4fJGq0,Bren,Wear,bwear2i@163.com,9198526404,138 Oneill Street,Raleigh,North Carolina,27658,United States
rwhitwam2j,jMzk7bLs8n,Randall,Whitwam,rwhitwam2j@infoseek.co.jp,2022966541,777 Scofield Avenue,Washington,District of Columbia,20099,United States
fhutson2k,VQXAYzGzJzW,Faber,Hutson,fhutson2k@slideshare.net,5611059484,20 Blue Bill Park Avenue,West Palm Beach,Florida,33416,United States
jtanton2l,eV9hSxE,Jeannine,Tanton,jtanton2l@ameblo.jp,2121415245,3 Jana Hill,New York City,New York,10014,United States
slornsen2m,neyc8WfDZbaE,Sophey,Lornsen,slornsen2m@netlog.com,8162222562,7758 Roth Circle,Independence,Missouri,64054,United States
tbingham2n,GzY3OCRCfOvV,Tobie,Bingham,tbingham2n@trellian.com,8134874021,3 Marcy Drive,Saint Petersburg,Florida,33705,United States
wullyatt2o,fYqzEzQ8Xen7,Wilfred,Ullyatt,wullyatt2o@pen.io,6099006310,4357 Delaware Place,Trenton,New Jersey,08603,United States
tjocic2p,SLoC7XmgGmD1,Tobit,Jocic,tjocic2p@house.gov,6099479829,0295 Alpine Plaza,Trenton,New Jersey,08608,United States
tewell2q,aHmnYt2e1R,Theadora,Ewell,tewell2q@com.com,7195479677,8 Toban Circle,Colorado Springs,Colorado,80910,United States
jnarraway2r,OjEz6w0,Josias,Narraway,jnarraway2r@discovery.com,6141617180,7337 Kenwood Terrace,Columbus,Ohio,43220,United States
